{"cameraMode":{"drawMode":0,"name":"Shaded","section":"Shading Mode"},"sceneLighting":true,"audioPlay":false,"sceneViewState":{"showFog":true,"showMaterialUpdate":false,"showSkybox":true,"showFlares":true,"showImageEffects":true,"showParticleSystems":true},"in2DMode":false,"pivot":{"x":253.00474548339845,"y":12.564607620239258,"z":58.84115982055664},"rotation":{"x":-0.5148510932922363,"y":0.28910157084465029,"z":-0.18974092602729798,"w":-0.7844406366348267},"size":56.38224792480469,"orthographic":false}